Entity,Label
the 20th century,DATE
Navigation 	   Main,ORG
Contribute,ORG
HelpLearn,ORG
Log in         Personal,ORG
the 20th century,DATE
the 20th century,DATE
the beginning of the century,DATE
World War I,EVENT
Spanish,NORP
1.3,MONEY
1.4 Global war:,WORK_OF_ART
World War II,EVENT
1.4.1,CARDINAL
Europe,LOC
1.4.2,CARDINAL
Allied,ORG
1.5,CARDINAL
The Cold War,EVENT
the Cold War         1.5.6 Information,EVENT
1.6,CARDINAL
the end of the century           ,DATE
5,CARDINAL
the 20th century,DATE
2,CARDINAL
Ø§Ù„Ø¹Ø±Ø¨ÙŠØ,DATE
pageGet,ORG
URLDownload,ORG
Download,WORK_OF_ART
Wikipedia,ORG
The 20th century,DATE
the Cold War,EVENT
the Space Race,FAC
the 21st century,DATE
today,DATE
the 20th century[edit] World,DATE
Edwardian,NORP
the 20th century,DATE
The 1900s,DATE
the decade,DATE
1914,DATE
the Panama Canal,LOC
Scramble,PERSON
Africa,LOC
the 1900s,DATE
the Congo Free State,ORG
1914 to 1918,DATE
the First World War,EVENT
World War I,EVENT
World War I Arrest,EVENT
Sarajevo,GPE
the Assassination of Archduke,FAC
The First World War,EVENT
WWI,ORG
The Great War,EVENT
July 1914,DATE
November 1918,DATE
Erzherzog Franz Ferdinand,PERSON
Gavrilo Princip,PERSON
Young Bosnia,GPE
the July Crisis,EVENT
the end of July 1914,DATE
British Empire,GPE
France,GPE
the Russian Empire,GPE
the Central Powers,ORG
German,NORP
Empire,GPE
Austria-Hungary.[1][2,ORG
1917,DATE
Russia,GPE
the Central Powers,ORG
Tsar,GPE
the Treaty of Brest-Litovsk,ORG
Germany,GPE
Russia,GPE
Bolshevik Russia,PERSON
Baltic,NORP
Germany,GPE
Kars Oblast,WORK_OF_ART
the Ottoman Empire,GPE
Germany,GPE
Allied,ORG
American,NORP
1918.[4,CARDINAL
Germans,NORP
British,NORP
lives.[9,GPE
World War,EVENT
1918,DATE
the next twenty years,DATE
First,ORDINAL
Germans,NORP
the Treaty of Versailles,WORK_OF_ART
the War,EVENT
Germans,NORP
Germany,GPE
Allied,ORG
Kaiser,ORG
Europe,LOC
Yugoslavia,GPE
Czechoslovakia,GPE
Austro-Hungarian Empire,LOC
the League of Nations,ORG
Spanish,NORP
1918,DATE
100 million,CARDINAL
One,CARDINAL
Russian Revolution,WORK_OF_ART
Russian Revolution The Russian Revolution of 1917,ORG
Tsarist,NORP
Imperial,ORG
Nicholas II,PERSON
communist,NORP
Europe,LOC
European,NORP
Vladimir Lenin,PERSON
1924,DATE
a few years,DATE
Joseph Stalin,PERSON
Leon Trotsky,PERSON
the Soviet Union,GPE
Stalin,PERSON
one,CARDINAL
socialists,NORP
Stalin,ORG
1929,DATE
the Great Depression,EVENT
first,ORDINAL
the Soviet Union's,GPE
the 1930s,DATE
Dorothea Lange's,ORG
1936,DATE
Migrant Mother,PERSON
the Great Depression Main,EVENT
Roaring Twenties and Great Depression After World War I,ORG
the 1920s,DATE
29,CARDINAL
the end of the decade,DATE
millions,CARDINAL
Democratic,NORP
two,CARDINAL
the century,DATE
Nazi,NORP
Jewish,NORP
Germans,NORP
Jews,NORP
Germany,GPE
1933,DATE
first,ORDINAL
Italy,GPE
Benito Mussolini,PERSON
1922.[28,DATE
Adolf Hitler,PERSON
Germany,GPE
1933,DATE
Nazism,NORP
Germany,GPE
German,NORP
The Nazi Party,ORG
Germany,GPE
German,NORP
German,NORP
Central and Eastern Europe,ORG
Slavic,NORP
German,NORP
Germans,NORP
Herrenvolk,PERSON
Jews,NORP
Western Europe,LOC
the United States,GPE
Hitler,PERSON
Germany,GPE
the Great Depression,EVENT
Jews,NORP
Austria,PERSON
Anschluss,ORG
Austria,GPE
Germany,GPE
1938.[34,CARDINAL
Sudetenland,ORG
German,NORP
Czechoslovakia,GPE
Munich,PERSON
British,NORP
Hitler,PERSON
Czech,NORP
Hitler,PERSON
Czech,NORP
Eastern Europe,LOC
Spain,GPE
General Francisco Franco,LOC
the Spanish Civil War.[38],EVENT
Totalitarian,NORP
Holocaust,EVENT
Hitler,PERSON
European,NORP
Jews,NORP
the Soviet Union,GPE
the 1930s,DATE
World War II,EVENT
World War II,EVENT
European Theater of World War II,ORG
World War II,EVENT
Europe,LOC
Moscow,GPE
23 August 1939,DATE
Czechoslovakia,GPE
Britain,GPE
France,GPE
Poland,GPE
Hitler,PERSON
World War II,EVENT
1 September 1939,DATE
Hitler,PERSON
Blitzkrieg,ORG
Poland,GPE
Britain,GPE
France,GPE
Hitler,PERSON
Germany,GPE
Poland,GPE
Sixteen days later,DATE
Poland,GPE
East,LOC
Soviet Union,GPE
Nazi,NORP
only a few weeks,DATE
Polish,NORP
London,GPE
Polish,NORP
Exile,ORG
World War II,EVENT
Germans,NORP
German,NORP
Wehrmacht,ORG
German,NORP
the Second World War,EVENT
Hitler,PERSON
Poland,GPE
the Soviet Union,GPE
Joseph Stalin,PERSON
USSR,GPE
Germany,GPE
Stalin,PERSON
Baltic,NORP
Estonia,GPE
Latvia,GPE
Lithuania,GPE
Eastern Poland,LOC
Soviet,NORP
Stalin,PERSON
Finland,GPE
Soviet,NORP
the Red Army,ORG
Finnish,NORP
the Winter War,EVENT
Finns,NORP
Germany,GPE
the Soviet Union,GPE
1941.[44,CARDINAL
Poland,GPE
the Phony War,EVENT
the winter of,DATE
1939â€“1940,CARDINAL
Hitler,PERSON
Denmark,GPE
Norway,GPE
9 April 1940,DATE
Norway,GPE
Swedish,NORP
Nazi,NORP
Norway,GPE
a few crucial weeks,DATE
Denmark,PERSON
only six,CARDINAL
Sweden,GPE
Scandinavian,NORP
Germany,GPE
the 10 May 1940,DATE
Germans,NORP
the Low Countries,ORG
Belgium,GPE
Netherlands,GPE
Luxembourg,GPE
the Maginot Line,ORG
Franco,NORP
Eben Emael,PERSON
Belgian,NORP
600,CARDINAL
Belgians,NORP
only 88,CARDINAL
German,NORP
Leopold III,PERSON
Belgium,GPE
Germans,NORP
28 May,DATE
Allied,ORG
German,NORP
the Low Countries,GPE
France,GPE
only six weeks,DATE
Paris,GPE
14 June,DATE
Three days later,DATE
Philippe,PERSON
France,GPE
one,CARDINAL
Hitler,PERSON
first,ORDINAL
Dunkirk,ORG
a third,CARDINAL
British,NORP
French,NORP
British,NORP
Hitler,PERSON
Dunkirk,ORG
Air,ORG
Hermann GÃ¶ring,PERSON
Luftwaffe,ORG
German Air Force,ORG
Normandy,PERSON
1944,DATE
Hitler,PERSON
France,GPE
about three-quarters,CARDINAL
Atlantic,LOC
Marshal PÃ©,PERSON
Vichy,ORG
French Army,ORG
Charles de Gaulle,PERSON
French,NORP
Hitler,PERSON
Italy,GPE
Benito Mussolini,PERSON
Allies,LOC
10 June,DATE
a few hundred yards,QUANTITY
French,NORP
Italians,NORP
Nazis,NORP
Greece.[56][57,PERSON
German,NORP
111,CARDINAL
Battle,PERSON
Britain Hitler,PERSON
Great Britain,GPE
Operation Sea Lion,EVENT
Luftwaffe,ORG
British,NORP
Battle,LOC
Britain,GPE
British,NORP
first,ORDINAL
Germany,GPE
"2,698",CARDINAL
German,NORP
the summer of 1940,DATE
only 915,CARDINAL
Royal Air Force,ORG
RAF,ORG
Germans,NORP
British,NORP
German,NORP
Stuka.[59,ORG
British,NORP
Hitler,PERSON
British,NORP
RAF,ORG
Germans,NORP
Sea Lion.[61,LOC
Battle,LOC
Britain,GPE
first,ORDINAL
Hitler,PERSON
Secondly,ORDINAL
Britain,GPE
the Soviet Union,GPE
Stalin,PERSON
Hitler,PERSON
early spring of 1941,DATE
Russian,NORP
Yugoslavia,GPE
Mussolini,PERSON
Greece,GPE
Albania,GPE
Hitler,PERSON
Yugoslavia,GPE
Greece,GPE
several crucial weeks,DATE
USSR,GPE
Europe,LOC
German,NORP
1942,DATE
22 June 1941,DATE
Hitler,PERSON
Stalin,PERSON
Over three million,CARDINAL
Soviet,NORP
Stalin,ORG
Soviet,NORP
Stalin,PERSON
1941,DATE
German,NORP
3,CARDINAL
Army Group A,ORG
Army Group,ORG
Army Group C,ORG
Ukraine,GPE
Belarus,GPE
Leningrad,GPE
Saint Petersburg,GPE
15 miles,QUANTITY
Moscow,GPE
Soviet,NORP
German,NORP
Moscow,GPE
Stalin,PERSON
Marshal Georgy Zhukov,PERSON
Germans,NORP
Mussolini,PERSON
North Africa,GPE
Italian,NORP
Libya,GPE
British,NORP
Egypt,GPE
British,NORP
Italians,NORP
Libya,GPE
a few thousand,CARDINAL
Luftwaffe,ORG
first,ORDINAL
Erwin,PERSON
Rommel,ORG
British,NORP
Tobruk,GPE
Egypt,GPE
Hitler,PERSON
the Soviet Union,GPE
Rommel,PERSON
Rommel,ORG
the Middle East,LOC
Iraq,GPE
Persia,GPE
present-day,DATE
the winter,DATE
Hitler,PERSON
the spring of 1942,DATE
Caucacus,ORG
Stalingrad,GPE
Army,ORG
German,NORP
Stalingrad,GPE
6th Army,ORG
German,NORP
Hermann,PERSON
Hitler,PERSON
Luftwaffe,ORG
6th,ORDINAL
Army,ORG
6th Army,ORG
Germans,NORP
Stalingrad,PERSON
Japanese,NORP
the United States,GPE
Pearl Harbor,FAC
Hawaii,GPE
7 December 1941,DATE
Americans,NORP
German,NORP
US,GPE
Japan,GPE
the Tripartite Pact,LAW
Germany,GPE
Hitler,PERSON
Japan,GPE
US,GPE
Russia,GPE
Germany,GPE
Italy,GPE
the United States,GPE
a few days,DATE
British,NORP
German,NORP
El Alamein,FAC
26 October 1942,DATE
1942,DATE
1943,DATE
Soviets,NORP
Germans,NORP
Rommel,ORG
North Africa,GPE
Montgomery at El Alamein,ORG
first,ORDINAL
Allies,LOC
Germany,GPE
Churchill,PERSON
Wehrmacht,ORG
Hitler,PERSON
the beginning of 1944,DATE
Hitler,PERSON
the Soviet Union,GPE
1942 to 1944,DATE
the United States,GPE
Britain,GPE
European,NORP
Stalin,ORG
Germans,NORP
Africa,LOC
Morocco,GPE
Algeria,GPE
8 November 1942.[76,DATE
10 July 1943,DATE
Allies,LOC
Sicily,PRODUCT
Italy,GPE
Axis,ORG
Winston Churchill,PERSON
9 September,DATE
Italy,GPE
the winter of 1943,DATE
half,CARDINAL
Italy,GPE
Allied,ORG
Italians,NORP
Mussolini,PERSON
July,DATE
Italians,NORP
8 September,DATE
Italians,NORP
Italy,GPE
Allied,ORG
German,NORP
Mussolini,PERSON
Mussolini,PERSON
German,NORP
Italian,NORP
German,NORP
Germans,NORP
4 June 1944,DATE
Rome,GPE
fallen.[79,ORG
Atlantic,LOC
from 1942 to 1944,DATE
Germans,NORP
Britain,GPE
America,GPE
German,NORP
U,ORG
December 1943,DATE
Germans,NORP
6 June 1944,DATE
the Western Allies,ORG
Fortress Europe,WORK_OF_ART
Stalin,PERSON
Operation Overlord,ORG
the early morning hours,TIME
6 June,DATE
The day,DATE
D-day,DATE
Rommel,ORG
France,GPE
Allied,ORG
Allies,ORG
Germans,NORP
Calais,PERSON
Normandy,PERSON
Allies,ORG
Allies,ORG
Calais,PERSON
U.S.,GPE
Omaha Beach,GPE
6 June 1944,DATE
Germany,GPE
20 July 1944,DATE
German,NORP
Hitler,PERSON
second,ORDINAL
Hitler,PERSON
Paris,GPE
SS,ORG
Gestapo,PERSON
German,NORP
Joseph Goebbels,PERSON
Nazis,NORP
7000,CARDINAL
France,GPE
Allies,WORK_OF_ART
Normandy,PERSON
Paris,GPE
25,CARDINAL
Soviets,NORP
Polish-Soviet,NORP
Hitler,PERSON
V-1,PRODUCT
V-2,LOC
first,ORDINAL
V-1,PRODUCT
V-2,ORG
Germans,NORP
Germans,NORP
Atlantic,LOC
Hitler,PERSON
September,DATE
The Netherlands,GPE
the winter of 1944,DATE
Hitler,PERSON
one,CARDINAL
West,LOC
the Battle of the Bulge,ORG
Allied,ORG
Germans,NORP
second,ORDINAL
American,NORP
early February 1945,DATE
three,CARDINAL
Allied,ORG
Franklin Roosevelt,PERSON
Winston Churchill,PERSON
Joseph Stalin,PERSON
Yalta,PERSON
Crimea,GPE
the Soviet Union,GPE
Yalta,ORG
Europe,LOC
Stalin,PERSON
Eastern Europe,LOC
Britain,GPE
France,GPE
U.S.,GPE
Germany,GPE
four,CARDINAL
Berlin,GPE
the Cold War,EVENT
the second half,DATE
the beginning of 1945,DATE
Hitler,PERSON
Soviets,NORP
Poland,GPE
Germany,GPE
Eastern Europe,LOC
Berlin,GPE
Germans,NORP
Allies,WORK_OF_ART
Germany,GPE
the Supreme Allied Commander,ORG
American,NORP
Dwight D. Eisenhower,PERSON
Berlin,GPE
Germany,GPE
Joseph,PERSON
25 April,DATE
Soviets,NORP
Berlin,GPE
Hitler,PERSON
30 April,DATE
Eva Braun.[92,LOC
Germans,NORP
another 7 days,DATE
Doenitz,PERSON
Germans,NORP
7 May 1945,DATE
Europe,LOC
the Cold War,EVENT
Asiatic-Pacific Theater Background[edit,ORG
first,ORDINAL
Pacific,LOC
the Mukden Incident,FAC
18 September 1931,DATE
Japanese,NORP
the South Manchuria Railway,LOC
Chinese,LANGUAGE
Japan,GPE
China,GPE
the next day,DATE
Manchuria,GPE
Japanese,NORP
the League of Nations,ORG
1932,DATE
Lytton Report,ORG
the Mukden Incident,FAC
Japanese,NORP
Japan,GPE
the League of Nations,ORG
March 1933,DATE
1934,DATE
Manchukuo,PERSON
Chinese,NORP
Pu Yi,PERSON
Japan,GPE
China,GPE
Manchuria,GPE
7 July 1937,DATE
Chinese,NORP
Japanese,NORP
Second,ORDINAL
Japan,GPE
Shanghai,GPE
Chinese,NORP
Nanjing,GPE
1937,DATE
Chinese,NORP
Chongqing,GPE
Chinese,NORP
Changsha,GPE
Guangxi,GPE
1939,DATE
Japan,GPE
27 September 1940,DATE
Japan,GPE
the Tripartite Pact,LAW
Germany,GPE
Japanese,NORP
Pearl Harbor,FAC
7 December 1941,DATE
Japan,GPE
American,NORP
Pearl Harbor,FAC
the U.S. Pacific Fleet,ORG
The next day,DATE
Roosevelt,PERSON
the United States,GPE
Japan,GPE
World War 2.[102][103,EVENT
Japan,GPE
Thailand,GPE
British,NORP
Malaya,GPE
Singapore,GPE
Hong Kong,GPE
American,NORP
Guam,GPE
The next six months,DATE
Japanese,NORP
Allied,ORG
two years,DATE
Europe,LOC
North Africa,GPE
Japan,GPE
British,NORP
Burma,GPE
New Guinea,GPE
the Dutch East Indies,ORG
Solomon Islands,GPE
Bali,GPE
"March 1942, days",DATE
Philippines,GPE
Douglas MacArthur,PERSON
United States Army Forces,ORG
the Far East,LOC
19 February 1942,DATE
Japan,GPE
Australian,NORP
Darwin,PERSON
first,ORDINAL
Australian,NORP
early May,DATE
the Battle of the Coral Sea,ORG
first,ORDINAL
Allies,LOC
Japanese,NORP
one month later,DATE
the Battle of Midway,ORG
the US Navy,ORG
Japanese,NORP
The Battle of Midway,ORG
the Pacific Campaign,ORG
Japanese,NORP
Japanese,NORP
the United States.[110,GPE
this Battle of Midway,EVENT
Solomon Islands,GPE
Japan,GPE
August 1942,DATE
Allied,ORG
New Guinea,GPE
Guadalcanal,ORG
Allied,ORG
Japanese,NORP
1937 to 1942,DATE
the next two years,DATE
Allies,ORG
one,CARDINAL
Japan,GPE
July 1944,DATE
US,GPE
Guam,GPE
Tinian,NORP
Japan,GPE
Boeing,ORG
B-29,PRODUCT
Allies,LOC
South-East Asia,LOC
Japanese,NORP
India,GPE
Pacific,LOC
the Battle of the Philippine Sea,ORG
Japan,GPE
later October,DATE
American,NORP
Australian,NORP
the Imperial Japanese Navy,ORG
the Battle of Leyte Gulf,ORG
World War II,EVENT
Allied,ORG
Japanese,NORP
power.[115,GPE
Leyte Gulf,FAC
first,ORDINAL
Japanese,NORP
early 1945,DATE
Americans,NORP
Japanese,NORP
Iwo Jima,GPE
Tokyo,GPE
Japan,GPE
Japanese,NORP
American,NORP
Japanese,NORP
more than 3,CARDINAL
USA,GPE
the 36 days,DATE
"6,800",CARDINAL
Marines,NORP
"another 20,000",CARDINAL
Japan,GPE
Japanese,NORP
Burma,GPE
Borneo,GPE
China,GPE
Japanese,NORP
1 April 1945,DATE
US,GPE
Marines,NORP
the Pacific Theater,ORG
Allies,LOC
Kadena Air Base,FAC
Okinawa,PERSON
Operation Downfall,ORG
Japanese,NORP
only 340 miles,QUANTITY
Pacific,LOC
"approximately 160,000",CARDINAL
"at least 75,000",CARDINAL
Allied,ORG
"84,166â€“117,000",CARDINAL
Japanese,NORP
Around half,CARDINAL
"300,000",CARDINAL
missing.[122]  ,ORG
Paul Tibbets,PERSON
Iwo Jima,PERSON
Okinawa,PERSON
American,NORP
Truman,PERSON
Operation Downfall,ORG
Japan,GPE
million,CARDINAL
American,NORP
Tokyo,GPE
dozens,CARDINAL
Japanese,NORP
the Potsdam Declaration,LAW
26 July,DATE
Allies,ORG
Japan,GPE
first,ORDINAL
6 August,DATE
the 393d Bombardment,ORG
Tinian,NORP
Hiroshima,GPE
Three days later,DATE
second,ORDINAL
Nagasaki,GPE
two,CARDINAL
"129,000â€“226,000",CARDINAL
9 August,DATE
the Soviet Union,GPE
Manchukuo,PERSON
10 August,DATE
Japanese,NORP
Potsdam,GPE
15 August,DATE
Hirohito,PERSON
Japanese,NORP
2 September 1945,DATE
USS Missouri,PERSON
Tokyo Bay,FAC
Douglas MacArthur,PERSON
Supreme,ORG
Allied,ORG
The Holocaust The Holocaust,WORK_OF_ART
millions,CARDINAL
Jews,NORP
World War II,EVENT
Hitler,PERSON
Nazi,NORP
Europe,LOC
Jews,NORP
Kristallnacht,PERSON
Crystal Night,WORK_OF_ART
Nazis,NORP
Germans,NORP
Holocaust,EVENT
Hitler,PERSON
Buchenwald,GPE
Poland,GPE
the Third Reich,ORG
Jews,NORP
Jews,NORP
Jews,NORP
Nazi,NORP
Jews,NORP
tens of thousands,CARDINAL
the Soviet Union,GPE
SS,ORG
Einsatzgruppen,GPE
Jews,NORP
an estimated one million,CARDINAL
Jews,NORP
Nazi,NORP
1942,DATE
Wannsee,GPE
Berlin,GPE
Nazis,NORP
Poland,GPE
Jews,NORP
the Soviet Union,GPE
Jews,NORP
Nazi,NORP
Nazis,NORP
the Nuremberg Code of medical,ORG
Nazis,NORP
Auschwitz,ORG
"Arbeit Macht Frei""â€”""Work Sets You",WORK_OF_ART
six million,CARDINAL
Jews,NORP
Jehovah's Witnesses,ORG
Roma,PERSON
Soviet,NORP
Allied,ORG
Germans,NORP
Germans,NORP
Jews,NORP
German,NORP
Allied,ORG
Holocaust,EVENT
The Nuclear Age begins[edit,WORK_OF_ART
the 1930s,DATE
World War II,EVENT
Allies,LOC
Nazi Germany,GPE
the United States,GPE
the United Kingdom,GPE
the Manhattan Project,ORG
Los Alamos,GPE
New Mexico,GPE
Robert Oppenheimer,PERSON
first,ORDINAL
first,ORDINAL
Trinity,ORG
July 1945.[151,DATE
Germany,GPE
May 1945,DATE
German,NORP
first,ORDINAL
16 July,DATE
Allied,ORG
two,CARDINAL
Little Boy,WORK_OF_ART
Japanese,NORP
Hiroshima,GPE
Nagasaki,GPE
6 and 9 August 1945,DATE
Soviet,NORP
Japanese,NORP
Japanese,NORP
two,CARDINAL
two,CARDINAL
overnight,TIME
the United States,GPE
the Soviet Union,GPE
first,ORDINAL
August 1949.[155][156,DATE
two,CARDINAL
two,CARDINAL
The United States,GPE
first,ORDINAL
1950,DATE
first,ORDINAL
1952,DATE
400,CARDINAL
Japan,GPE
The Soviet Union,GPE
1953,DATE
1955.[157,DATE
Mutually Assured Destruction,ORG
the 1940s,DATE
nine,CARDINAL
today,DATE
the United States,GPE
the Soviet Union,GPE
Russia,GPE
the United Kingdom,GPE
France,GPE
China,GPE
India,GPE
Pakistan,GPE
Israel,GPE
North,GPE
South Africa,GPE
six,CARDINAL
the 1980s,DATE
Israel,GPE
1968,DATE
Libya,GPE
Iran,GPE
War II,WORK_OF_ART
Following World War II,EVENT
The United States,GPE
Pearl Harbor,PERSON
U.S.,GPE
The United States,GPE
the Soviet Union,GPE
two,CARDINAL
Western Europe,LOC
the Marshall Plan,ORG
Germany,GPE
the United States,GPE
Great Britain,GPE
France,GPE
the Soviet Union,GPE
Berlin,GPE
Soviet,NORP
four,CARDINAL
Berlin,GPE
1990,DATE
Japan,GPE
U.S.,GPE
last seven years,DATE
1952.[168,CARDINAL
two,CARDINAL
Axis,ORG
second,ORDINAL
Japan,GPE
third,ORDINAL
West Germany,GPE
Allies,ORG
German,NORP
the Nuremberg Trials,ORG
Adolf Hitler,PERSON
Hermann GÃ¶ring,PERSON
Axis,ORG
the Tokyo War Crime,EVENT
the League of Nations,ORG
World War II,EVENT
the United Nations,ORG
24 October 1945,DATE
San Francisco.[172,GPE
Today,DATE
first,ORDINAL
Papua New Guinea,GPE
Decolonization and New Imperialism Almost,ORG
World War II,EVENT
European,NORP
decades,DATE
Africa,LOC
Asia,LOC
India,GPE
Mahatma Gandhi,PERSON
Indian,NORP
Mohamed Ali Jinnah,PERSON
Muslims,NORP
1947,DATE
British,NORP
India,GPE
India,GPE
Pakistan,GPE
the People's Republic of Bangladesh,GPE
Asia,LOC
The United States,GPE
Philippines,GPE
Pacific,LOC
1946.[177,CARDINAL
French,NORP
Indochina,GPE
French,NORP
the early 1950s,DATE
Laos,GPE
Cambodia,GPE
Africa,LOC
Jomo Kenyatta,PERSON
Kenya,GPE
Kwame Nkrumah,PERSON
Ghana,GPE
decades,DATE
British,NORP
almost half,CARDINAL
1968,DATE
British,NORP
Africa,LOC
1976,DATE
Between 1956 and 1962,DATE
almost 20,CARDINAL
African,NORP
Cabral,PRODUCT
Portuguese,NORP
Guinea-Bissau,ORG
Cape Verde,GPE
Angola,GPE
Mozambique,PERSON
SÃ£o TomÃ,ORG
the mid-1970s,DATE
African,NORP
1946,DATE
35,CARDINAL
the United Nations,ORG
1970,DATE
127.[182,CARDINAL
Africa,LOC
Asia,LOC
European,NORP
the Nigerian Civil War,ORG
the Second Sudanese Civil War,ORG
the Bangladesh Liberation War,ORG
20th,ORDINAL
The Cold War,EVENT
Europe,LOC
the Eastern Bloc Main,ORG
Cold War,EVENT
the Yalta Conference,WORK_OF_ART
Western,NORP
Soviet Union,GPE
Europe,LOC
the next five,DATE
March 1946,DATE
Winston Churchill,PERSON
Westminster College,ORG
US,GPE
first,ORDINAL
Iron Curtain,PERSON
Soviet,NORP
Western,NORP
Stettin,PRODUCT
Baltic,NORP
Adriatic,NORP
Continent,LOC
Central and Eastern Europe,ORG
Warsaw,GPE
Berlin,GPE
Prague,GPE
Vienna,GPE
Budapest,GPE
Belgrade,GPE
Bucharest,GPE
Sofia,GPE
Soviet,NORP
one,CARDINAL
Soviet,NORP
Moscow,GPE
the Soviet Union,GPE
Soviet,NORP
Socialist Republics,ORG
Eastern Poland,LOC
the Byelorussian SSR,ORG
Ukrainian,NORP
Latvia,GPE
the Latvian SSR,ORG
Estonia,GPE
the Estonian SSR,ORG
Lithuania,GPE
Finland,GPE
Karelo,PERSON
Romania,GPE
Soviet Union,GPE
between 1945 and 1949,DATE
Yugoslavia,GPE
Albania,GPE
Bulgaria,GPE
Poland,GPE
Romania,GPE
Czechoslovakia,GPE
Hungary,GPE
East Germany,GPE
People's,ORG
Soviet,NORP
the next half century,DATE
Soviet,NORP
Europe,LOC
Mongolia,GPE
China,GPE
North Korea,GPE
Cuba,GPE
Soviet,NORP
Western,NORP
Churchill,PERSON
USSR,GPE
World War II,EVENT
two,CARDINAL
the North Atlantic Treaty Organization,ORG
NATO,ORG
1949[196,CARDINAL
the Warsaw Pact,LAW
"1955,[197",CARDINAL
War,EVENT
Korean War,EVENT
Vietnam War,EVENT
Cuban Missile Crisis Two,WORK_OF_ART
the 1950s,DATE
first,ORDINAL
the Korean War,EVENT
People's Republic of China,ORG
North Korea,GPE
United States,GPE
South Korea,GPE
The Korean Peninsula,LOC
Japanese,NORP
between 1910 and 1945,DATE
Soviet,NORP
American,NORP
the 38th,DATE
South,LOC
one,CARDINAL
North Korea's,GPE
South Korea,GPE
25 June 1950,DATE
United Nations intervention.[200,ORG
Douglas MacArthur,PERSON
the United States,GPE
Canada,GPE
Australia,GPE
Great Britain,GPE
Northern,NORP
Chinese,NORP
U.N.,ORG
Armistice,ORG
July 1953,DATE
two,CARDINAL
Koreas,GPE
second,ORDINAL
the Vietnam War,EVENT
third,ORDINAL
the 20th century,DATE
World War I and,EVENT
World War II,EVENT
French,NORP
21 July 1954,DATE
Vietnam,GPE
two,CARDINAL
Korea,GPE
17th,ORDINAL
North and South,GPE
The United States,GPE
South Vietnam[202,GPE
the Gulf of Tonkin Resolution,EVENT
North Vietnamese,NORP
American,NORP
U.S.,GPE
Truman Doctrine,PERSON
Domino Theory,PERSON
Americans,NORP
the Tet Offensive,ORG
Lai,PERSON
American,NORP
U.S.,GPE
Richard Nixon,PERSON
Nixon,PERSON
American,NORP
South Vietnamese,NORP
American,NORP
Nixon,PERSON
Cambodia,GPE
South Vietnamese,NORP
U.S.,GPE
North Vietnam,LOC
the Paris Peace Accords,ORG
U.S.,GPE
U.S.,GPE
North,LOC
South,LOC
Saigon,ORG
30 April 1975,DATE
Vietnam,GPE
Communist,NORP
a year later,DATE
The Cuban Missile Crisis,EVENT
the Cold War,EVENT
Cuba,GPE
Fidel Castro,PERSON
Soviet,NORP
the United States,GPE
Cuba,GPE
Lockheed,ORG
U-2,PRODUCT
Soviet,NORP
U.S.,GPE
John F. Kennedy,PERSON
the Soviet Union,GPE
a tense week,DATE
the Soviet Union,GPE
1969,DATE
first,ORDINAL
Moon,PERSON
the Soviet Union,GPE
United States,GPE
1957,DATE
Soviet,NORP
two,CARDINAL
USSR,GPE
first,ORDINAL
Moon,PERSON
first,ORDINAL
"Yuri Gagarin).,[218",PERSON
first,ORDINAL
Alexey Leonov,PERSON
U.S.,GPE
Mercury,ORG
Gemini,ORG
Apollo,ORG
Apollo,ORG
11,CARDINAL
Moon,PERSON
20 July 1969.[220,DATE
Five,CARDINAL
Apollo,ORG
13,CARDINAL
U.S.,GPE
Soviet,NORP
the early 21st,DATE
the Venera 7,LAW
later decades,DATE
the American Space Shuttle,ORG
first,ORDINAL
Mir,FAC
Skylab,PERSON
the 1990s,DATE
the International Space Station,FAC
the end of the century,DATE
the United States,GPE
Europe,LOC
Russia,GPE
Japan,GPE
the Cold War[edit,EVENT
1989,DATE
West,LOC
East Berlin,GPE
Cold War,EVENT
1985-1991,DATE
the 1980s,DATE
the Soviet Union,GPE
Sino-Soviet,NORP
USSR,GPE
the People's Republic,GPE
U.S.,GPE
Mikhail Gorbachev,PERSON
"the Berlin Wall,[232",FAC
Soviet,NORP
Gorbachev,PERSON
Communist Party,ORG
Boris Yeltsin,PERSON
Russia,GPE
26 December 1991,DATE
the Soviet Union,GPE
Cold,EVENT
first,ORDINAL
World War,EVENT
at least 20,CARDINAL
2,CARDINAL
Wrens,PERSON
thousands,CARDINAL
the Apple II,ORG
IBM,ORG
IBM Personal Computer,ORG
IBM,ORG
third,ORDINAL
BIOS,ORG
Compaq,ORG
BIOS,ORG
Microsoft,ORG
The 1980s,DATE
the Information Age,ORG
The U.S. Government,ORG
Richard Stallman,PERSON
the Free Software Foundation,ORG
the GNU Project,ORG
first,ORDINAL
Pong,GPE
computing tasks.[253,PERSON
first,ORDINAL
IBM,ORG
two,CARDINAL
the Bulletin Board,ORG
DARPA,ORG
Al Gore,PERSON
FTP,ORG
Bulletin Boards,PERSON
Compuserve and America Online,ORG
Tim Berners-Lee,PERSON
Vannevar Bush's,PERSON
HTML,ORG
the century,DATE
Y2K,PRODUCT
World,ORG
1990s,CARDINAL
the end of the century,DATE
daily,DATE
Europe,LOC
first,ORDINAL
Indian,NORP
sixth,ORDINAL
the end of the century,DATE
first,ORDINAL
centuries,DATE
China,GPE
fifth,ORDINAL
West,LOC
East,LOC
the Cold War,EVENT
billion,CARDINAL
Africa,LOC
centuries,DATE
the 21st century,DATE
3.0Â,CARDINAL
second,ORDINAL
first,ORDINAL
the 19th century,DATE
World War,EVENT
US,GPE
anti-Western,NORP
anti-American,NORP
China,GPE
India,GPE
West,LOC
the Third World,ORG
South Africa,GPE
Nelson Mandela,PERSON
first,ORDINAL
four and a half decades,DATE
Rwanda,GPE
an estimated one million,CARDINAL
Tutsis,NORP
Hutu,PERSON
Twa,PERSON
the late century,DATE
Oklahoma City,GPE
168,CARDINAL
Kim Jong-il,PERSON
North Korea,GPE
West Nile,NORP
the Kyoto treaty,LAW
20th,ORDINAL
centuryâ€™s,EVENT
New Year's Eve 1999,EVENT
New Year's Day 2000,EVENT
the 20th century,DATE
New Year's Eve 2000,EVENT
the 21st century,DATE
New Year's Day 2001,EVENT
the 20th century,DATE
the 20th century,DATE
the 20th century,DATE
List,PERSON
1901-2000 20th century,DATE
20th-century,DATE
List,PERSON
20th-century,DATE
Modernism,NORP
Wilde,GPE
Robert,PERSON
7 September 2018,DATE
The Major Alliances of World War I Began as Hope for Mutual Protection,WORK_OF_ART
ThoughtCo,ORG
11 December 2018,DATE
the First World War,EVENT
11 December 2018,DATE
WWI Centennial: The Treaty of Brest-Litovsk,WORK_OF_ART
5 March 2018,DATE
11 December 2018,DATE
Anthony,PERSON
Maria,PERSON
6 August 2018,DATE
Armistice,ORG
The Hundred Days Offensive,EVENT
Imperial War Museums,ORG
11 December 2018,DATE
First World,WORK_OF_ART
11 December 2018,DATE
"Mason, Amanda",ORG
9 January 2018,DATE
The U-Boat Campaign That Almost Broke Britain,WORK_OF_ART
Imperial War Museums,ORG
11 December 2018,DATE
the day,DATE
first,ORDINAL
Independent,ORG
28 April 2016,DATE
11 December 2018,DATE
Brosnan,GPE
Matt,PERSON
8 January 2018,DATE
Imperial War Museums,ORG
11 December 2018,DATE
Dunleavy,ORG
Brian,PERSON
23 April 2018,DATE
Life in the Trenches of World War I,WORK_OF_ART
11 December 2018,DATE
The National Archives Learning Curve,ORG
The Great War,EVENT
11 December 2018,DATE
First World,WORK_OF_ART
First,ORDINAL
11 December 2018,DATE
Crumbling of Empires and Emerging States,WORK_OF_ART
Czechoslovakia,GPE
Yugoslavia,GPE
International Encyclopedia,ORG
the First World War,EVENT
11 December 2018,DATE
BBC,ORG
World Wars: The League of Nations,WORK_OF_ART
the United Nations,ORG
BBC,ORG
11 December 2018,DATE
CDC,ORG
17 December 2019,DATE
Centers for Disease Control and Prevention,ORG
19 September 2022,DATE
Spreeuwenberg,PERSON
7 September 2018,DATE
Reassessing the Global Mortality Burden of the 1918 Influenza Pandemic,WORK_OF_ART
Data,GPE
187,CARDINAL
12,CARDINAL
2561â€“2567,GPE
doi:10.1093/aje/kwy191,ORG
PMCÂ,ORG
7314216,DATE
PMIDÂ,ORG
30202996,DATE
17 September 2024,DATE
Barry JM,PERSON
2021,DATE
The Great Influenza: The Story of the Deadliest Pandemic in History,FAC
Penguin Books,PERSON
397â€“398,CARDINAL
ISBNÂ,ORG
978,CARDINAL
Shanks GD,PERSON
December 2007,DATE
1918,DATE
secondary,ORDINAL
The Journal of Infectious Diseases,ORG
196,CARDINAL
11): 1717â€“18,DATE
1718â€“19,DATE
PMIDÂ,ORG
18008258,DATE
Morens DM,ORG
Fauci AS,ORG
April 2007,DATE
1918,DATE
the 21st century,DATE
The Journal of Infectious Diseases,ORG
195,CARDINAL
7,CARDINAL
1018â€“1028,CARDINAL
PMIDÂ,ORG
17330793,DATE
"Schmitt, Hans A.",ORG
Virginia,GPE
University of (1988,ORG
Between War and Revolution,EVENT
1916 23,DATE
Charlottesville,GPE
VA: University of Virginia Press,ORG
238,CARDINAL
ISBNÂ,ORG
9780813911533,DATE
U.S.S.R.,GPE
11 December 2018,DATE
Collectivization and Industrialization,WORK_OF_ART
11 December 2018,DATE
"Darling, Kylie (",ORG
2012,DATE
The Foreign Communist Experience,WORK_OF_ART
Stalin,GPE
USSR,GPE
147,CARDINAL
3,CARDINAL
Politics in The Great Depression,WORK_OF_ART
11 December 2018,DATE
Marks,GPE
Julie,PERSON
13 April 2018,DATE
What Caused the Stock Market Crash,WORK_OF_ART
1929,DATE
11 December 2018,DATE
Webb,PERSON
"Allen P. ""Weighing",PERSON
US,GPE
McKinsey,PERSON
11 December 2018,DATE
the Great Depression,EVENT
South African,NORP
22 March 2011,DATE
11 December 2018,DATE
Amenta,EVENT
Carruthers,GPE
Bruce G.,PERSON
October 1988,DATE
The Formative Years of U.S. Social Spending Policies: Theories of the Welfare State,WORK_OF_ART
the American States During,GPE
the Great Depression,EVENT
American Sociological Review,ORG
53,CARDINAL
5,CARDINAL
661â€“678,CARDINAL
JSTORÂ 2095814,DATE
Ebner,PERSON
Michael,PERSON
30 January 2017,DATE
This Is the Violence of Which I Approve,WORK_OF_ART
Mussolini,PERSON
1091-2339,DATE
11 December 2018,DATE
Douglasandslavery Says,WORK_OF_ART
6 May 2011,DATE
Benito Mussolini & the,ORG
Italian,NORP
Italian,NORP
11 December 2018,DATE
Connelly,PERSON
John,PERSON
1999,DATE
Nazis,NORP
Central European University,ORG
32,CARDINAL
JSTORÂ 4546842,DATE
Steinweis,PERSON
Alan E.,PERSON
Daniel E.,PERSON
2003,DATE
the Third Reich,ORG
Lincoln & London:,ORG
University of Nebraska Press,ORG
p.Â 83,PERSON
ISBNÂ,ORG
9780803242999,DATE
Gritz,ORG
Jennie Rothenberg,PERSON
13 March 2012,DATE
Atlantic,LOC
11 December 2018,DATE
British,NORP
The Holocaust Explained,ORG
20 April 2019,DATE
11 December 2018,DATE
Hitler,PERSON
Anschluss,PERSON
Austria,PERSON
5 November 2009,DATE
11 December 2018,DATE
"Nelsson, Richard",ORG
21 September 2018,DATE
The Munich Agreement â€,WORK_OF_ART
September 1938,DATE
Guardian,ORG
0261-3077,DATE
11 December 2018,DATE
"Wiegrefe, Klaus",ORG
2 September 2009,DATE
The Road to World War II: How Appeasement Failed to Stop Hitler,WORK_OF_ART
Der Spiegel,PERSON
11 December 2018,DATE
11 June 2014,DATE
11 December 2018,DATE
Peck,PERSON
Michael,PERSON
24 July 2016,DATE
The Spanish Civil War: A Trial Run for World War II,WORK_OF_ART
The National Interest,ORG
11 December 2018,DATE
BBC,ORG
World Wars: Invasion of Poland,WORK_OF_ART
BBC,ORG
12 December 2018,DATE
Molotov-Ribbentrop Pact,WORK_OF_ART
two,CARDINAL
DW,ORG
Deutsche Welle,PERSON
12 December 2018,DATE
The End of Trench Warfare,WORK_OF_ART
Trench Warfare,PERSON
12 December 2018,DATE
German-Soviet,NORP
12 December 2018,DATE
Winter War,EVENT
Russia,GPE
Finland,GPE
12 December 2018,DATE
Finland,GPE
Nazi,NORP
Germany,GPE
Guardian,ORG
February 2018,DATE
0261-3077,DATE
12 December 2018,DATE
Britain,GPE
Start To The Second World War,WORK_OF_ART
Imperial War Museums,ORG
12 December 2018,DATE
BBC,ORG
World War Two,EVENT
BBC,ORG
12 December 2018,DATE
Germany,GPE
Invasion of Denmark,ORG
Norway,GPE
International News,ORG
17,CARDINAL
8),CARDINAL
469â€“478,CARDINAL
20 April 1940,DATE
25642756,DATE
Levine,PERSON
Paul A.,PERSON
2002,DATE
Swedish,NORP
the Second World War,EVENT
Wylie,GPE
Neville,GPE
European Neutrals,ORG
Non-Belligerents During,ORG
the Second World War,EVENT
Cambridge University Press,ORG
ISBNÂ,ORG
9780521643580,DATE
1940,DATE
Churchill,PERSON
Germans,NORP
BBC,ORG
10 May 1940,DATE
12 December 2018,DATE
Saunders,GPE
Tim,PERSON
1 January 2005,DATE
Eben Emael,PERSON
Casemate Publishers,ORG
ISBNÂ,ORG
France,GPE
21 July 2010,DATE
12 December 2018,DATE
The Evacuation of Dunkirk,WORK_OF_ART
May 1940,DATE
Historic UK,PERSON
12 December 2018,DATE
This Day,DATE
France Surrenders,ORG
Nazi Germany,GPE
22 June 2011,DATE
12 December 2018,DATE
Zimmerman,PERSON
Dwight,PERSON
Charles de Gaulle,PERSON
Defense Media Network,ORG
12 December 2018,DATE
Carrier,PERSON
Richard,PERSON
15 March 2008,DATE
Alpes,GPE
10â€“25,CARDINAL
1940,DATE
Revue Historique des ArmÃ,PERSON
French,LANGUAGE
250,CARDINAL
85â€“93,CARDINAL
0035-3299,DATE
266611484,DATE
Italy,GPE
Hitler,PERSON
World War II,EVENT
14 February 2008,DATE
12 December 2018,DATE
Italy Tried,WORK_OF_ART
Greece,GPE
World War II,EVENT
The National Interest,ORG
28 July 2017,DATE
12 December 2018,DATE
1940: Victory for RAF,WORK_OF_ART
Battle of Britain,GPE
15 September 1940,DATE
12 December 2018,DATE
Grant,PERSON
Rebecca,PERSON
October 2008,DATE
The Stuka Terror,WORK_OF_ART
Germany,GPE
Ju,PERSON
Air Force Magazine,ORG
12 December 2018,DATE
BBC,ORG
Britain,GPE
Berlin,GPE
facts & news,ORG
BBC,ORG
12 December 2018,DATE
BBC,ORG
Britain,GPE
facts & news,ORG
BBC,ORG
12 December 2018,DATE
The Radar and the Battle of Britain,WORK_OF_ART
History Learning Site,PERSON
12 December 2018,DATE
Middleton,GPE
Drew,PERSON
21 June 1981,DATE
Hitler,PERSON
Russian,NORP
The New York Times,ORG
ISSNÂ,ORG
0362-4331,DATE
12 December 2018,DATE
Shirer,ORG
William L.,PERSON
1960,DATE
New York,GPE
Simon & Schuster,ORG
60-6729,DATE
Operation Barbarossa,ORG
29,CARDINAL
October 2009,DATE
12 December 2018,DATE
Stalin Knew,PERSON
The Enigma of Barbarossa,WORK_OF_ART
Central Intelligence Agency,ORG
13 June 2007,DATE
12 December 2018,DATE
"Hickman, Kennedy",ORG
19 September 2018,DATE
Moscow,GPE
ThoughtCo,ORG
12 December 2018,DATE
Africa,LOC
16 November 2009,DATE
12 December 2018,DATE
World War II,EVENT
North Africa Campaign,GPE
HistoryNet,ORG
12 June 2006,DATE
12 December 2018,DATE
World War II,EVENT
the Middle East,LOC
12 December 2018,DATE
Germany,GPE
Sixth Army,ORG
Stalingrad,GPE
World War II,EVENT
HistoryNet,ORG
12 June 2006,DATE
12 December 2018,DATE
Germany,GPE
the United States,GPE
16 November 2009,DATE
12 December 2018,DATE
Peck,PERSON
Michael,PERSON
27 October 2017,DATE
Kursk,PRODUCT
The National Interest,ORG
12 December 2018,DATE
Barr,PERSON
2004,DATE
War: The Three Battles of El Alamein.,WORK_OF_ART
Overlook Press,ORG
ISBNÂ,ORG
Evans,PERSON
Richard J.,PERSON
8 September 2009,DATE
second,ORDINAL
Guardian,ORG
0261-3077,DATE
12 December 2018,DATE
Herder,ORG
Brian Lane,PERSON
21 September 2017,DATE
Operation Torch,ORG
1942,DATE
French,NORP
North Africa,GPE
Bloomsbury Publishing,ORG
ISBNÂ,ORG
9781472820563,DATE
75 Years Ago,DATE
The US Invasion of Italy,ORG
The National WWII Museum,ORG
New Orleans,GPE
6 September 2018,DATE
12 December 2018,DATE
1943,DATE
Italy,GPE
BBC,ORG
8 September 1943,DATE
12 December 2018,DATE
Central Italy,ORG
World War II Online Interactive,EVENT
Released,ORG
American Battle Monuments Commission,ORG
5 June 2015,DATE
12 December 2018,DATE
Syrett,PERSON
David,PERSON
1994,DATE
The Defeat of the German,ORG
The Battle of the Atlantic,ORG
Columbia,ORG
ISBNÂ,ORG
9780872499843,DATE
What You Need To Know About The Battle of the Atlantic,WORK_OF_ART
Imperial War Museums,ORG
12 December 2018,DATE
Ross,PERSON
John,PERSON
15 April 2014,DATE
D-day,DATE
Weatherman,PERSON
Ike,PERSON
Greatest Gamble,ORG
Lyons Press,ORG
ISBNÂ,ORG
9780762786633,DATE
Hall,PERSON
Anthony,PERSON
2003,DATE
D-Day,DATE
84,CARDINAL
ISBNÂ,ORG
9780760316078,DATE
Palek,NORP
Stephanie,ORG
27 April 2015,DATE
Operation Valkyrie 1944,WORK_OF_ART
University of Cambridge,ORG
12 December 2018,DATE
"Balfour, Michael (",WORK_OF_ART
1988,DATE
Withstanding Hitler,PERSON
London,GPE
Routledge,NORP
258,CARDINAL
ISBNÂ,ORG
9781136088605,DATE
"Aug. 25, 1944",DATE
Paris,GPE
Liberated,PERSON
4-Year Nazi Occupation,DATE
The Learning Network,ORG
25 August 2011,DATE
12 December 2018,DATE
"Hollingham, Richard",ORG
8 September 2014,DATE
V2: The Nazi,WORK_OF_ART
BBC,ORG
13 December 2018,DATE
10 Bloodiest Battles of,WORK_OF_ART
World War II,EVENT
15 December 2018,DATE
12 December 2018,DATE
"""How Churchill, Roosevelt And Stalin Planned To End The Second World War",WORK_OF_ART
Imperial War Museums,ORG
12 December 2018,DATE
The Cold War,EVENT
1941â€“56,ORDINAL
The Yalta Conference,WORK_OF_ART
BBC,ORG
13 December 2018,DATE
Biddiscombe,PERSON
Alexander Perry,PERSON
"Biddiscombe, Perry",ORG
1998,DATE
the National Socialist Guerrilla Movement,ORG
1944â€“1946,ORG
Toronto,GPE
University of Toronto Press,ORG
252,CARDINAL
ISBNÂ,ORG
9780802008626,DATE
Linge,ORG
Heinz,ORG
2009,DATE
Hitler,PERSON
Hitler,PERSON
Valet,PRODUCT
Frontline Books,PERSON
199,CARDINAL
ISBNÂ,ORG
9781602398047,DATE
"May 7, 1945",DATE
Nazi Germany Surrenders,ORG
World War II,EVENT
The Learning Network,ORG
7 May 2012,DATE
12 December 2018,DATE
Horvitz,ORG
Leslie Alan,PERSON
Catherwood,GPE
Christopher,PERSON
2006,DATE
New York,GPE
Infobase Publishing,ORG
128,CARDINAL
ISBNÂ,ORG
9781438110295,CARDINAL
Han,NORP
12 August 2004,DATE
The Problem of Sovereignty: Manchukuo,WORK_OF_ART
12,CARDINAL
2,CARDINAL
457â€“478,CARDINAL
12,CARDINAL
ISSNÂ,ORG
1527-8271,DATE
143561025,DATE
BBC,ORG
World Wars: Japan's Quest,WORK_OF_ART
BBC,ORG
13 December 2018,DATE
Cavendish,NORP
Richard,PERSON
7 July 2012,DATE
The Marco Polo Bridge Incident,WORK_OF_ART
Today,DATE
7,CARDINAL
"Kaiser, Davi",ORG
7 July 2017,DATE
The War That Started,WORK_OF_ART
80 Years Ago,DATE
Happen Today,PERSON
13 December 2018,DATE
Second Sino-Japanese War,ORG
Anti-Japanese,NORP
GlobalSecurity.org,ORG
13 December 2018,DATE
The Avalon Project: Summary of the Three-Power Pact,WORK_OF_ART
Between Germany,GPE
Italy,GPE
Japan,GPE
Signed,GPE
Berlin,GPE
"September 27, 1940",DATE
13 December 2018,DATE
The Forgotten Reason Why Japan Attacked Pearl Harbor,WORK_OF_ART
The National Interest,ORG
13 October 2017,DATE
13 December 2018,DATE
The United States,GPE
Japan,GPE
16 November 2009,DATE
13 December 2018,DATE
The Declaration of War Against Japan,WORK_OF_ART
US,GPE
House of Representatives: History,ORG
Art & Archives,ORG
8 December 1941,DATE
13 December 2018,DATE
Costello,PERSON
John,PERSON
1 December 1982,DATE
The Pacific War,EVENT
Harper Collins,PERSON
ISBNÂ,ORG
9780688016203,DATE
The History Place â€“ Timeline of Pacific War,WORK_OF_ART
13 December 2018,DATE
the Jaws of Death: MacArthur's,ORG
Escape,PERSON
Philippines,GPE
15 November 2016,DATE
13 December 2018,DATE
Darwin,PERSON
Australian Maritime Museum,ORG
16 December 2018,DATE
13 December 2018,DATE
Battle of the Coral Sea,WORK_OF_ART
Heritage Command,ORG
13 December 2018,DATE
Keegan,GPE
John,PERSON
2005,DATE
The Second World War,EVENT
New York,GPE
275,CARDINAL
ISBNÂ,ORG
978,CARDINAL
Gordon W.,PERSON
Goldstein,GPE
Donald M.,PERSON
Dillon,ORG
Katherine V.,PERSON
1982,DATE
4,CARDINAL
ISBNÂ,ORG
Ian W.,PERSON
21 September 2015,DATE
the Pacific Islands,LOC
1942â€“1944,CARDINAL
the Pacific Islands,LOC
1942â€“1944,DATE
W. W. Norton & Company,PERSON
ISBNÂ,ORG
9780393248203,DATE
The Second Battle of Guam | Marine Corps Association,WORK_OF_ART
16 December 2018,DATE
13 December 2018,DATE
The Last Aircraft Carrier Showdown: Welcome to the Battle of the Philippine Sea,WORK_OF_ART
The National Interest,ORG
29 June 2018,DATE
13 December 2018,DATE
The Largest Naval Sea Battles in Military History,WORK_OF_ART
Most Influential Naval Battles in World History,ORG
Norwich University Online,ORG
8 December 2015,DATE
13 December 2018,DATE
Murphy,GPE
Daniel T.,PERSON
13 February 2018,DATE
The Geometry of War at Sea: The Leyte Gulf Example,WORK_OF_ART
13 December 2018,DATE
Nichols,PERSON
Robert,PERSON
Spring 2004,DATE
first,ORDINAL
Kamikaze,PRODUCT
28,CARDINAL
Brimelow,PERSON
Ben,PERSON
23 February 2018,DATE
73 years ago,DATE
World War II,EVENT
13 December 2018,DATE
Alexander,ORG
Joseph,PERSON
17 February 2018,DATE
The Battle of Iwo Jima,WORK_OF_ART
36-day,DATE
13 December 2018,DATE
Burrell,PERSON
Robert S.,PERSON
23 September 2004,DATE
The Journal of Military History,ORG
68,CARDINAL
4,CARDINAL
1143â€“1186,CARDINAL
1543-7795,DATE
S2CIDÂ 159781449,DATE
Lacey,PERSON
Laura,PERSON
13 April 2003,DATE
Battle,PERSON
13 December 2018,DATE
MacArthur,ORG
Douglas,PERSON
Johnson,PERSON
Harold K.,PERSON
1994,DATE
MacArthur,PERSON
The Campaigns of MacArthur,WORK_OF_ART
Pacific,LOC
395,CARDINAL
ISBNÂ,ORG
9781782660354,DATE
13 December 2018,DATE
Peck,PERSON
Michael,PERSON
7 August 2018,DATE
Operation Downfall: How America Would Have Invaded,ORG
The National Interest,ORG
13 December 2018,DATE
Potsdam Declaration,WORK_OF_ART
The Bombing of Hiroshima,WORK_OF_ART
Nagasaki,GPE
Historical Documents,ORG
13 December 2018,DATE
Maguire,PERSON
Amy,PERSON
3 September 2018,DATE
Hiroshima,GPE
Nagasaki,GPE
13 December 2018,DATE
"Ojo, Marvellous",ORG
26 August 2018,DATE
Soviet,NORP
the Japanese Army,ORG
13 December 2018,DATE
Andrew Glass,PERSON
14 August 2018,DATE
Hirohito,PERSON
Japan,GPE
"Aug. 14, 1945",DATE
Politico,GPE
13 December 2018,DATE
Japanese Instrument of Surrender,WORK_OF_ART
1945,DATE
National Archives Foundation,ORG
13 December 2018,DATE
Levi,PERSON
Neil,PERSON
Rothberg,PERSON
Michael,PERSON
2003,DATE
Edinburgh University Press,ORG
ISBNÂ,ORG
9780748616558,DATE
How Was the Holocaust Planned,WORK_OF_ART
The Boston Globe,ORG
15 December 2018,DATE
Semicolonweb,PERSON
The Kristallnacht Pogrom,WORK_OF_ART
November 1938,DATE
Yad Vashem,PERSON
15 December 2018,DATE
The Holocaust Explained: Designed,WORK_OF_ART
22 June 1933,DATE
15 December 2018,DATE
Nazi,NORP
CBS News,ORG
16 July 2017,DATE
15 December 2018,DATE
Rhodes,PERSON
Richard,PERSON
18 December 2007,DATE
the Invention of the Holocaust,ORG
Knopf Doubleday Publishing Group,ORG
ISBNÂ,ORG
9780307426802,DATE
Hasic,GPE
19 January 2017,DATE
the Nazi Conference to Plan the 'Final Solution',ORG
15 December 2018,DATE
Holocaust,DATE
15 December 2018,DATE
Arnett,PERSON
George,PERSON
27 January 2015,DATE
Guardian,ORG
0261-3077,DATE
15 December 2018,DATE
Kirsch,PERSON
Adam,PERSON
6 April 2015,DATE
Two,CARDINAL
Nazi,NORP
The New Yorker,ORG
15 December 2018,DATE
Ghooi,GPE
Ravindra B.,PERSON
2011,DATE
Nuremberg,GPE
Clinical Research,ORG
2,CARDINAL
2,CARDINAL
72â€“76,CARDINAL
doi:10.4103/2229-3485.80371,ORG
2229-3485,DATE
PMCÂ,ORG
3121268,CARDINAL
PMIDÂ,ORG
21731859,DATE
Gutman,PERSON
Israel,GPE
1990,DATE
Holocaust,EVENT
4,CARDINAL
New York,GPE
Macmillan,ORG
1751,DATE
ISBNÂ,ORG
9780028960906,DATE
11 August 2013,DATE
6 Million,CARDINAL
15 December 2018,DATE
Blumberg,GPE
Antonia,GPE
27 January 2015,DATE
Holocaust,EVENT
5 Million,CARDINAL
Nazis,NORP
15 December 2018,DATE
Holocaust,EVENT
15 December 2018,DATE
Nazi Persecution of Soviet Prisoners of War,WORK_OF_ART
15 December 2018,DATE
"Mason, Amanda",ORG
18 June 2018,DATE
What Life Was Like For POWs in Europe During The Second World War,WORK_OF_ART
Imperial War Museums,ORG
15 December 2018,DATE
Schmitter,PERSON
5 October 2011,DATE
Nazi Crimes: Diaries Reveal How,ORG
Germans,NORP
Der Spiegel,PERSON
15 December 2018,DATE
Ezard,PERSON
John,PERSON
17 February 2001,DATE
Germans,NORP
Holocaust,EVENT
Guardian,ORG
0261-3077,DATE
15 December 2018,DATE
Holocaust Teacher Resource Center,WORK_OF_ART
15 December 2018,DATE
Mulhall,PERSON
Joe,PERSON
21 November 2018,DATE
Joe Mulhall,PERSON
Guardian,ORG
0261-3077,DATE
15 December 2018,DATE
Holocaust,EVENT
Hitler,PERSON
BBC News,ORG
4 October 2013,DATE
17 December 2018,DATE
The Manhattan Project,WORK_OF_ART
Atomic Heritage Foundation,ORG
12 May 2017,DATE
17 December 2018,DATE
German Atomic Bomb Project,WORK_OF_ART
Atomic Heritage Foundation,ORG
18 October 2016,DATE
17 December 2018,DATE
"Stockbauer, Marc",ORG
18 August 1999,DATE
The Designs of 'Fat Man' and 'Little Boy',WORK_OF_ART
Stanford: Ethics of Development,ORG
8 November 2019,DATE
17 December 2018,DATE
Little Boy and Fat Man,WORK_OF_ART
Atomic Heritage Foundation,ORG
23 July 2014,DATE
17 December 2018,DATE
Manhattan Project: Espionage,ORG
the Manhattan Project,ORG
U.S. Department of Energy Office of Scientific and Technical Information,ORG
17 December 2018,DATE
29 August 1949,DATE
First,ORDINAL
Soviet,NORP
CTBTO Preparatory Commission,ORG
17 December 2018,DATE
Types of Nuclear Weapons: CTBTO Preparatory Commission,WORK_OF_ART
17 December 2018,DATE
de Castella,PERSON
Tom,PERSON
15 February 2012,DATE
BBC News,ORG
17 December 2018,DATE
SIPRI,PERSON
Stockholm International Peace Research Institute,ORG
16 June 2014,DATE
17 December 2018,DATE
Friedman,ORG
Uri,PERSON
9 September 2017,DATE
One,CARDINAL
Atlantic,LOC
18 December 2018,DATE
DePetris,PERSON
Daniel R.,PERSON
31 July 2018,DATE
Israel,GPE
5,CARDINAL
The National Interest,ORG
18 December 2018,DATE
Treaty on the Non-Proliferation of Nuclear Weapons,WORK_OF_ART
NPT,ORG
International Atomic Energy Agency,ORG
25 July 2014,DATE
18 December 2018,DATE
Libya Nuclear Weapons Program,WORK_OF_ART
Libya Nuclear Disarmament,ORG
NTI,ORG
18 December 2018,DATE
Iran,GPE
Iran,GPE
Al Jazeera,ORG
Al Jazeera,ORG
18 December 2018,DATE
Andrews,PERSON
Evan,PERSON
23 October 2012,DATE
5 Attacks,PRODUCT
World War II,EVENT
18 December 2018,DATE
Harrison,PERSON
Mark,PERSON
24 January 2011,DATE
The Soviet Union,GPE
1945,DATE
Past & Present,ORG
210,CARDINAL
Germany,GPE
The Cold War,EVENT
Virtual Centre for Knowledge on Europe,ORG
18 December 2018,DATE
1945â€“1952 â€,PERCENT
18 December 2018,DATE
Dobbins,PERSON
James,PERSON
Poole,GPE
Michele A.,PERSON
Austin,PERSON
2008,DATE
the War: Nation,EVENT
FDR,PERSON
George W. Bush,PERSON
Rand Corporation,ORG
11,CARDINAL
ISBNÂ,ORG
The Nuremberg Trial and the Tokyo War Crimes Trials,WORK_OF_ART
18 December 2018,DATE
the League of Nations Fail,ORG
9 December 2014,DATE
18 December 2018,DATE
History of the United Nations,WORK_OF_ART
United Nations,ORG
21 August 2015,DATE
18 December 2018,DATE
Parker,GPE
Clifton B.,PERSON
29 October 2014,DATE
Gandhi,PERSON
Stanford,ORG
Stanford University,ORG
20 December 2018,DATE
McQuade,PERSON
Joseph,PERSON
9 November 2016,DATE
India,GPE
20 December 2018,DATE
Henderson,GPE
Barney,PERSON
15 August 2017,DATE
Indian Independence Day,WORK_OF_ART
India,GPE
Pakistan,GPE
70 years,DATE
Telegraph,FAC
0307-1235,DATE
18 December 2018,DATE
Dummett,PERSON
Mark,PERSON
16 December 2011,DATE
one,CARDINAL
BBC News,ORG
18 December 2018,DATE
Philippines,GPE
1898â€“1946,CARDINAL
US,GPE
Art & Archives,ORG
18 December 2018,DATE
Dien Bien Phu,PERSON
French,NORP
Indochina,GPE
1954,DATE
18 December 2018,DATE
Assensoh,GPE
1998,DATE
African,NORP
Jomo Kenyatta,PERSON
Kwame Nkrumah,PERSON
Julius K. Nyerere,ORG
Krieger Publishing Company,ORG
ISBNÂ,ORG
African,NORP
Radio France Internationale,ORG
16 February 2010,DATE
18 December 2018,DATE
Aires Oliveira,PERSON
Pedro,PERSON
24 May 2017,DATE
Portuguese Africa,GPE
Oxford Research Encyclopedia,ORG
African,NORP
1,CARDINAL
ISBNÂ,ORG
9780190277734,DATE
Decolonization of Asia,WORK_OF_ART
Africa,LOC
1945â€“1960,DATE
18 December 2018,DATE
Fisher,PERSON
Max,PERSON
10 September 2012,DATE
The Dividing of a Continent,WORK_OF_ART
Africa,LOC
Separatist,NORP
Atlantic,LOC
20 December 2018,DATE
"Mahmud, Tayyab",ORG
28 April 2010,DATE
Colonial Cartographies,ORG
Enduring Failures of International Law: The Unending War,WORK_OF_ART
Afghanistan,GPE
Brooklyn Journal of,ORG
20,CARDINAL
1,CARDINAL
1596835,DATE
Hyde,PERSON
Tim,PERSON
13 July 2016,DATE
Europeans,NORP
Africa,LOC
American Economic Association,ORG
18 December 2018,DATE
7 Civil Wars,WORK_OF_ART
Africa,LOC
Africa,LOC
14 March 2017,DATE
20 December 2018,DATE
The Yalta Conference â€“ The Cold War,WORK_OF_ART
20 December 2018,DATE
Churchill,GPE
Winston,GPE
5 March 1946,DATE
The Sinews of Peace,WORK_OF_ART
The International Churchill Society,ORG
20 December 2018,DATE
Roberts,PERSON
Geoffrey,PERSON
2006,DATE
Stalin,PERSON
World War to Cold War,EVENT
1939â€“1953,CARDINAL
Yale University Press,ORG
43,CARDINAL
ISBNÂ,ORG
9780300112047,DATE
Smulkstys,PERSON
Summer 1968,DATE
The Incorporation of the Baltic States,WORK_OF_ART
the Soviet Union,GPE
Lithuanian Quarterly Journal of Arts and Sciences,ORG
14,CARDINAL
0024-5089,DATE
16 August 2016,DATE
20 December 2018,DATE
The End of WWII,WORK_OF_ART
the Division of Europe,ORG
20 December 2018,DATE
"King, Charles",ORG
2000,DATE
Moldovans,NORP
Romania,GPE
Russia,GPE
the Politics of Culture,ORG
94,CARDINAL
ISBNÂ,ORG
9780817997922,DATE
"Wood, Alan",ORG
2005,DATE
Stalin,PERSON
Stalinism,NORP
2ndÂ,CARDINAL
London,GPE
New York: Psychology Press,GPE
63,CARDINAL
ISBNÂ,ORG
9780415307321,DATE
Englund,PERSON
26 October 2016,DATE
Red Century,EVENT
the 'October Revolution',DATE
1917,DATE
North Korea,GPE
one,CARDINAL
The Washington Post,ORG
27 October 2017,DATE
20 December 2018,DATE
Fenton,PERSON
Ben,PERSON
1 October 1998,DATE
Red Army,ORG
The Daily Telegraph,ORG
20 April 2016,DATE
20 December 2018,DATE
North Atlantic Treaty Organization,ORG
NATO,ORG
1949,DATE
20 December 2018,DATE
Rosenberg,PERSON
Matt,PERSON
30 September 2018,DATE
The Warsaw Pact History and Members,WORK_OF_ART
ThoughtCo,ORG
20 December 2018,DATE
McDonough,PERSON
Richard,PERSON
13 June 2018,DATE
A Short History of,WORK_OF_ART
the Korean War,EVENT
Imperial War Museums,ORG
20 December 2018,DATE
Stack,GPE
Liam,PERSON
1 January 2018,DATE
Korean War,WORK_OF_ART
The New York Times,ORG
ISSNÂ,ORG
0362-4331,DATE
20 December 2018,DATE
Hastings,PERSON
Max,PERSON
1987,DATE
Korean War,ORG
New York,GPE
Simon,PERSON
Schuster Paperbacks,PERSON
55,DATE
ISBNÂ,ORG
9780671668341,DATE
Cumings,ORG
Bruce,PERSON
2010,DATE
The Korean War: A,EVENT
New York,GPE
Random House Publishing Group,ORG
198,CARDINAL
ISBNÂ,ORG
9780679603788,DATE
Kinzer,GPE
Stephen,PERSON
2013,DATE
John Foster Dulles,PERSON
Allen Dulles,PERSON
Their Secret World War,ORG
New York,GPE
Henry Holt & Company,ORG
195,CARDINAL
ISBNÂ,ORG
9781429953528,DATE
Johnson,PERSON
David,PERSON
15 May 2009,DATE
Thomas Dooley,PERSON
the Religious Overtones of Early American Involvement,ORG
Vietnam,GPE
University of New Orleans Theses and,ORG
Dissertations,ORG
Gravel,GPE
Mike,PERSON
1971,DATE
Military Pressures Against North,WORK_OF_ART
February 1964,DATE
January 1965,DATE
The Pentagon Papers,LAW
3,CARDINAL
Boston,GPE
Beacon Press,ORG
106â€“268,CARDINAL
Zelizer,GPE
Julian E.,PERSON
15 January 2018,DATE
the Tet Offensive Undermined American Faith in Government,ORG
Atlantic,LOC
20 December 2018,DATE
Zimmerman,PERSON
Bill,PERSON
24 October 2017,DATE
the Antiwar Movement,ORG
The New York Times,ORG
ISSNÂ,ORG
0362-4331,DATE
20 December 2018,DATE
Schultz,GPE
Colin,GPE
13 March 2018,DATE
Nixon,PERSON
Vietnam War,EVENT
Johnson Knew,PERSON
Smithsonian,ORG
20 December 2018,DATE
"Becker, Elizabeth",ORG
Mydans,NORP
Seth,PERSON
14 October 2012,DATE
Norodom Sihanouk,PERSON
Cambodian,NORP
The New York Times,ORG
ISSNÂ,ORG
0362-4331,DATE
20 December 2018,DATE
Michaels,GPE
Jeffrey,PERSON
19 May 2017,DATE
Vietnam,GPE
the Battle of the Paris Peace Table,ORG
November 1968,DATE
January 1969,DATE
20 December 2018,DATE
Kaiser,ORG
David,PERSON
30 April 2015,DATE
Lessons of the Fall of Saigon,ORG
20 December 2018,DATE
Woollacott,PERSON
Martin,PERSON
21 April 2015,DATE
Forty years,DATE
Saigon,GPE
the Vietnam war,EVENT
Guardian,ORG
0261-3077,DATE
20 December 2018,DATE
September/October 1994,DATE
28 January 2009,DATE
ISSNÂ,ORG
0015-7120,DATE
20 December 2018,DATE
Cuban Missile Crisis,WORK_OF_ART
thirteen days,DATE
October 1962,DATE
the Cuban Missile Crisis,EVENT
John F. Kennedy,PERSON
Presidential Library and Museum,ORG
20 December 2018,DATE
Nuclear Close Calls: The Cuban Missile Crisis,WORK_OF_ART
Atomic Heritage Foundation,ORG
15 June 2018,DATE
20 December 2018,DATE
USSR Launches Sputnik,WORK_OF_ART
National Geographic Society,ORG
17 December 2013,DATE
20 December 2018,DATE
Aftermath of Sputnik,WORK_OF_ART
20 December 2018,DATE
Luna 02,ORG
Solar System Exploration,ORG
20 December 2018,DATE
Lewis,PERSON
Cathleen,PERSON
12 April 2010,DATE
Yuri Gagarin Remains,PERSON
National Air and Space Museum,ORG
20 December 2018,DATE
Burgess,GPE
Colin,GPE
Hall,GPE
2009,DATE
first,ORDINAL
Soviet,NORP
Online-Ausg,ORG
252,CARDINAL
ISBNÂ,ORG
978-0387848242,DATE
18 March 2023,DATE
16 August 2019,DATE
Pearlman,PERSON
Robert Z.,PERSON
20 July 2018,DATE
Makings of Moon Landing,WORK_OF_ART
50 Years Ago,DATE
Apollo 11 Was,ORG
One Year,DATE
20 December 2018,DATE
The Apollo Program,WORK_OF_ART
NASA Space Science Data Coordinated Archive,ORG
20 December 2018,DATE
Ingham,PERSON
Lucy,PERSON
16 January 2018,DATE
Soviet,NORP
first,ORDINAL
20 December 2018,DATE
Keldysh,GPE
M.V.,GPE
April 1977,DATE
Venus,LOC
the Venera 9,LAW
Venera 10,ORG
30,CARDINAL
4,CARDINAL
605â€“625,CARDINAL
30,CARDINAL
0019-1035,DATE
Howell,ORG
Elizabeth,PERSON
10 December 2018,DATE
Voyager 2: Sailing Among Giant Planets,LAW
20 December 2018,DATE
Sharp,GPE
Tim,PERSON
11 December 2017,DATE
Space Shuttle: The First Reusable Spacecraft,WORK_OF_ART
20 December 2018,DATE
"Ferreira, Becky",ORG
19 February 2016,DATE
The Mir Space Station Was a Marvel,WORK_OF_ART
Clusterfuck,ORG
Underdog,GPE
20 December 2018,DATE
Torchinsky,ORG
Jason,PERSON
14 May 2013,DATE
Skylab,NORP
America,GPE
First,ORDINAL
20 December 2018,DATE
International Space Station,WORK_OF_ART
"ISS Information, Space Station Facts",ORG
News,ORG
Science & Innovation,ORG
15 October 2009,DATE
26 April 2018,DATE
20 December 2018,DATE
Farley,PERSON
Robert,PERSON
6 March 2017,DATE
Sino,NORP
Split Borne,PERSON
Diplomat,ORG
20 December 2018,DATE
"Siegelbaum, Lewis",ORG
22 June 2015,DATE
Perestroika and Glasnost,WORK_OF_ART
Seventeen,CARDINAL
Soviet,NORP
20 December 2018,DATE
Kramer,PERSON
Mark,PERSON
12 December 2011,DATE
Solidarity,ORG
The New York Times,ORG
ISSNÂ,ORG
0362-4331,DATE
20 December 2018,DATE
"Bonnell, Andrew",ORG
3 October 2018,DATE
the Berlin Wall,FAC
20 December 2018,DATE
Egorov,GPE
Boris,PERSON
23 August 2018,DATE
Baltic,NORP
the Soviet Union,GPE
20 December 2018,DATE
Sandford,GPE
Daniel,GPE
20 August 2011,DATE
Boris Yeltsin,PERSON
1991,DATE
BBC News,ORG
20 December 2018,DATE
Schmemann,PERSON
Serge,PERSON
26 December 1991,DATE
THE SOVIET UNION,GPE
Soviet,NORP
The New York Times,ORG
ISSNÂ,ORG
0362-4331,DATE
20 December 2018,DATE
Flowers,PERSON
Thomas H.,PERSON
July 1983,DATE
The Design of Colossus (Foreword by Howard Campaigne,WORK_OF_ART
5,CARDINAL
3,CARDINAL
239â€“252,CARDINAL
doi:10.1109/MAHC.1983.10079,ORG
1058-6180,DATE
39816473,DATE
Moore,ORG
Gordon E.,PERSON
October 2006,DATE
1965,DATE
Reprinted from Electronics,ORG
38,DATE
8,CARDINAL
"April 19, 1965",DATE
IEEE Solid-State,PERSON
Society Newsletter,ORG
11,CARDINAL
3,CARDINAL
33â€“35,CARDINAL
doi:10.1109/N-SSC.2006.4785860,ORG
24300252,DATE
Szczepaniak,PERSON
John,PERSON
May 2014,DATE
50th,ORDINAL
27 December 2018,DATE
The History of the Computer Mouse â€“ Computing History,WORK_OF_ART
27 December 2018,DATE
Memory & Storage,ORG
Timeline of Computer History,ORG
Computer History Museum,ORG
27 December 2018,DATE
Kellaway,GPE
Lucy,PERSON
1 August 2013,DATE
BBC News,ORG
27 December 2018,DATE
Alfredo,GPE
David,PERSON
26 September 2017,DATE
The History of Computers in Business,WORK_OF_ART
27 December 2018,DATE
"Lean, Tom",WORK_OF_ART
11 February 2016,DATE
1980s,DATE
Britain,GPE
Love the Computer,ORG
Bloomsbury Publishing,ORG
ISBNÂ,ORG
9781472918352,DATE
Ngo,DATE
Denise,PERSON
May 2011,DATE
Archive Gallery,WORK_OF_ART
The Rise of Personal Computers,ORG
Popular Science,ORG
Maher,PERSON
Jimmy,PERSON
30 June 2017,DATE
IBM,ORG
the century,DATE
27 December 2018,DATE
"McCullough,",ORG
Brian,PERSON
29,CARDINAL
May 2014,DATE
Behind 'Halt and Catch Fire',WORK_OF_ART
Compaq,ORG
Domination,ORG
27 December 2018,DATE
"McCullough,",ORG
Brian,PERSON
26 May 2014,DATE
The Incredible True Story Behind AMC's Halt And Catch Fire â€,WORK_OF_ART
Compaq,ORG
IBM,ORG
27 December 2018,DATE
Musolf,PERSON
Nell,ORG
2008,DATE
Microsoft,ORG
The Creative Company,ORG
ISBNÂ,ORG
9781583416075,DATE
History of Software Patents,WORK_OF_ART
"Benson, Flook",ORG
Diehr,ORG
Bilski and Prometheus,ORG
27 December 2018,DATE
Williams,PERSON
Sam,PERSON
2010,DATE
Freedom,LOC
2.0,CARDINAL
Richard Stallman,PERSON
the Free Software Revolution,ORG
ISBNÂ,ORG
9780983159216,DATE
Kent,ORG
Steve L.,PERSON
2001,DATE
The Ultimate History of Video Games,ORG
Pong,GPE
Craze,ORG
Prima Pub,ORG
ISBNÂ,ORG
9780761536437,DATE
Stanton,PERSON
Richard,PERSON
14 July 2015,DATE
Running Press,ORG
ISBNÂ,ORG
9780762456154,DATE
Evolution of Home Video Game Consoles,WORK_OF_ART
1967,DATE
2011,DATE
Hongkiat,GPE
13 April 2011,DATE
27 December 2018,DATE
Edwards,PERSON
Benj,PERSON
4 November 2016,DATE
The Lost Civilization of Dial-Up Bulletin Board Systems,WORK_OF_ART
Atlantic,LOC
27 December 2018,DATE
Vint,ORG
A Brief History of the Internet & Related Networks,WORK_OF_ART
27 December 2018,DATE
Lee,PERSON
Timothy B.,PERSON
16 June 2014,DATE
27 December 2018,DATE
Flanagan,PERSON
Graham,PERSON
Al Gore,PERSON
27 December 2018,DATE
Wright,PERSON
Alex,PERSON
22 May 2014,DATE
The Secret History of Hypertext,WORK_OF_ART
Atlantic,LOC
27 December 2018,DATE
25 Years of Tech: The Rise of the Internet,DATE
3 July 2018,DATE
27 December 2018,DATE
Estrada,ORG
Susan,PERSON
1992,DATE
Commercialization and the Commercial Internet Exchange: How the CIX Can Help Further the Commercialization of the Internet,WORK_OF_ART
2,CARDINAL
3,CARDINAL
24â€“28,CARDINAL
Where Are They Now,WORK_OF_ART
17,CARDINAL
CB Insights Research,ORG
14 September 2016,DATE
27 December 2018,DATE
Harshit Singh,PERSON
2024,DATE
the Code of Life (Television Show,LAW
Public Broadcasting Service,ORG
Economic Impact of the Human Genome Project â€,WORK_OF_ART
PDF,ORG
PDF,ORG
23 December 2012,DATE
1 August 2013,DATE
Lukacs,ORG
John,PERSON
1993,DATE
Ticknor & Fields,ORG
ISBNÂ,ORG
9780395584729,DATE
Johnson,PERSON
2008,DATE
The Three Waves of Globalisation â€“ Nordregio,WORK_OF_ART
29 December 2018,DATE
Fraser,GPE
Nick,PERSON
2 November 2014,DATE
Guardian,ORG
0261-3077,DATE
29 December 2018,DATE
Corstange,ORG
Daniel,GPE
January 2016,DATE
Anti-American,NORP
the Middle East,LOC
a Field Experiment,ORG
Lebanon,GPE
The Journal of Politics,ORG
78,CARDINAL
1,CARDINAL
311â€“325,CARDINAL
146972591,DATE
Journalist's Resource,ORG
Lam,PERSON
Peng Er,PERSON
Lim,PERSON
Tai-Wei,PERSON
2009,DATE
The Rise of China,ORG
India,GPE
Singapore,GPE
ISBNÂ,ORG
9789814280334,DATE
North and South Korean,WORK_OF_ART
Guardian,ORG
Associated Press,ORG
13 June 2000,DATE
ISSNÂ,ORG
0261-3077,DATE
29 December 2018,DATE
Lee,PERSON
S. H.,PERSON
1 September 2003,DATE
Hong Kong,GPE
Journal of Epidemiology & Community Health,ORG
57,CARDINAL
9,CARDINAL
652â€“654,CARDINAL
1470-2738,DATE
PMCÂ,ORG
1732583,DATE
PMIDÂ,ORG
12933765,DATE
Sejvar,WORK_OF_ART
James J.,PERSON
2003,DATE
West Nile Virus:,LOC
The Ochsner Journal,ORG
5,CARDINAL
3,CARDINAL
ISSNÂ,ORG
1524-5012,DATE
PMCÂ,ORG
3111838,DATE
PMIDÂ,ORG
21765761,DATE
Kagaayi,GPE
Joseph,GPE
Serwadda,GPE
David,PERSON
August 2016,DATE
The History of the HIV/AIDS Epidemic,WORK_OF_ART
Africa,LOC
13,CARDINAL
4,CARDINAL
187â€“193,CARDINAL
1548-3576,DATE
PMIDÂ,ORG
27188298,DATE
8292731,DATE
"Rich, Nathaniel",ORG
5 August 2018,DATE
Losing Earth: The Decade We Almost Stopped Climate Change,WORK_OF_ART
The New York Times Magazine,ORG
4â€,CARDINAL
0028-7822,DATE
15 January 2022,DATE
Henson,PERSON
Robert,PERSON
11 March 2011,DATE
the Kyoto Protocol,LAW
Guardian,ORG
0261-3077,DATE
29 December 2018,DATE
UNESCO,ORG
28 February 2008,DATE
The Twentieth Century,EVENT
p.Â ,PERSON
600,CARDINAL
ISBNÂ,ORG
978,CARDINAL
the 20th century,DATE
The 20th Century Research Project,DATE
26,CARDINAL
February 2012,DATE
the Twentieth Century,EVENT
6 February 2012,DATE
the 20th Century,DATE
17 January 2005,DATE
Millennium Century,ORG
BC,ORG
BCE,ORG
4th 40th 39th 38th 37th 36th 35th 34th 33rd 32nd 31st   ,DATE
30th 29th 28th 27th 26th 25th 24th 23rd 22nd,DATE
2nd 20th 19th 18th 17th 16th 15th 14th 13th 12th,DATE
10th 9th 8th 7th,DATE
3rd 2nd,DATE
1st   AD,DATE
5th 6th 7th 8th 9th 10th   2nd 11th 12th 13th 14th 15th 16th 17th 18th 19th 20th,DATE
30th,ORDINAL
the 20th century,DATE
1900s 1910s 1920s,DATE
1930s,DATE
1950s 1960s,DATE
1980s,DATE
1990s,DATE
Art Christianity Literature Music,ORG
1970s 1980s,DATE
1990s,DATE
Theatre Lists State,ORG
Lunar,PERSON
Riots Solar,ORG
Volcanic,ORG
Category      Retrieved,WORK_OF_ART
20th,ORDINAL
French,LANGUAGE
January,DATE
Wikidata        ,FAC
22 September 2025,DATE
07:30Â,CARDINAL
UTC,ORG
the Creative Commons Attribution-ShareAlike 4.0 License,LAW
the Terms of Use and Privacy Policy,ORG
WikipediaÂ®,PERSON
"the Wikimedia Foundation, Inc.",ORG
Statistics Cookie,ORG
Mobile,GPE
the 20th century,DATE
2,CARDINAL
